{
  "feature_cols": [
    "Gender",
    "Married",
    "Dependents",
    "Education",
    "Self_Employed",
    "ApplicantIncome",
    "CoapplicantIncome",
    "LoanAmount",
    "Loan_Amount_Term",
    "Credit_History",
    "Property_Area"
  ],
  "categorical_cols": [
    "Gender",
    "Married",
    "Dependents",
    "Education",
    "Self_Employed",
    "Property_Area"
  ],
  "numerical_cols": [
    "ApplicantIncome",
    "CoapplicantIncome",
    "LoanAmount",
    "Loan_Amount_Term",
    "Credit_History"
  ],
  "ann_available": true,
  "dataset_shape": [
    491,
    13
  ],
  "approval_rate": 0.6985743380855397,
  "models": {
    "Decision Tree": {
      "metrics": {
        "Accuracy": 0.7878787878787878,
        "Precision": 0.8636363636363636,
        "Recall": 0.8260869565217391,
        "F1-Score": 0.8444444444444444,
        "AUC": 0.8282608695652174,
        "Train_Accuracy": 0.8316326530612245
      },
      "cm": [
        [
          21,
          9
        ],
        [
          12,
          57
        ]
      ],
      "fpr": [
        0.0,
        0.03333333333333333,
        0.03333333333333333,
        0.13333333333333333,
        0.16666666666666666,
        0.16666666666666666,
        0.23333333333333334,
        0.26666666666666666,
        0.26666666666666666,
        0.3,
        0.3,
        0.3333333333333333,
        0.43333333333333335,
        0.5333333333333333,
        0.5333333333333333,
        0.7333333333333333,
        1.0
      ],
      "tpr": [
        0.0,
        0.043478260869565216,
        0.13043478260869565,
        0.6231884057971014,
        0.7101449275362319,
        0.7246376811594203,
        0.7536231884057971,
        0.7681159420289855,
        0.7971014492753623,
        0.8260869565217391,
        0.8695652173913043,
        0.9130434782608695,
        0.9130434782608695,
        0.9420289855072463,
        0.9565217391304348,
        0.9565217391304348,
        1.0
      ]
    },
    "Naive Bayes": {
      "metrics": {
        "Accuracy": 0.8585858585858586,
        "Precision": 0.8571428571428571,
        "Recall": 0.9565217391304348,
        "F1-Score": 0.9041095890410958,
        "AUC": 0.8207729468599034,
        "Train_Accuracy": 0.798469387755102
      },
      "cm": [
        [
          19,
          11
        ],
        [
          3,
          66
        ]
      ],
      "fpr": [
        0.0,
        0.03333333333333333,
        0.03333333333333333,
        0.06666666666666667,
        0.06666666666666667,
        0.1,
        0.1,
        0.13333333333333333,
        0.13333333333333333,
        0.16666666666666666,
        0.16666666666666666,
        0.2,
        0.2,
        0.23333333333333334,
        0.23333333333333334,
        0.26666666666666666,
        0.26666666666666666,
        0.36666666666666664,
        0.36666666666666664,
        0.43333333333333335,
        0.43333333333333335,
        0.9,
        0.9,
        0.9333333333333333,
        0.9333333333333333,
        1.0
      ],
      "tpr": [
        0.0,
        0.0,
        0.2898550724637681,
        0.2898550724637681,
        0.30434782608695654,
        0.30434782608695654,
        0.3188405797101449,
        0.3188405797101449,
        0.4492753623188406,
        0.4492753623188406,
        0.6231884057971014,
        0.6231884057971014,
        0.7681159420289855,
        0.7681159420289855,
        0.8115942028985508,
        0.8115942028985508,
        0.855072463768116,
        0.855072463768116,
        0.9565217391304348,
        0.9565217391304348,
        0.9710144927536232,
        0.9710144927536232,
        0.9855072463768116,
        0.9855072463768116,
        1.0,
        1.0
      ]
    },
    "ANN": {
      "metrics": {
        "Accuracy": 0.8383838383838383,
        "Precision": 0.8354430379746836,
        "Recall": 0.9565217391304348,
        "F1-Score": 0.8918918918918919,
        "AUC": 0.7714975845410628,
        "Train_Accuracy": 0.8061224489795918
      },
      "cm": [
        [
          17,
          13
        ],
        [
          3,
          66
        ]
      ],
      "fpr": [
        0.0,
        0.0,
        0.0,
        0.03333333333333333,
        0.03333333333333333,
        0.06666666666666667,
        0.06666666666666667,
        0.1,
        0.1,
        0.23333333333333334,
        0.23333333333333334,
        0.26666666666666666,
        0.26666666666666666,
        0.3,
        0.3,
        0.3333333333333333,
        0.3333333333333333,
        0.36666666666666664,
        0.36666666666666664,
        0.4,
        0.4,
        0.43333333333333335,
        0.43333333333333335,
        0.9,
        0.9,
        0.9333333333333333,
        0.9333333333333333,
        1.0
      ],
      "tpr": [
        0.0,
        0.014492753623188406,
        0.11594202898550725,
        0.11594202898550725,
        0.14492753623188406,
        0.14492753623188406,
        0.2898550724637681,
        0.2898550724637681,
        0.34782608695652173,
        0.34782608695652173,
        0.5942028985507246,
        0.5942028985507246,
        0.6376811594202898,
        0.6376811594202898,
        0.6956521739130435,
        0.6956521739130435,
        0.8405797101449275,
        0.8405797101449275,
        0.9130434782608695,
        0.9130434782608695,
        0.9420289855072463,
        0.9420289855072463,
        0.9710144927536232,
        0.9710144927536232,
        0.9855072463768116,
        0.9855072463768116,
        1.0,
        1.0
      ]
    }
  },
  "ann_history": {
    "loss": [
      0.6237843036651611,
      0.6047436594963074,
      0.5778770446777344,
      0.5509447455406189,
      0.5282686948776245,
      0.5432928800582886,
      0.5160149931907654,
      0.4970114231109619,
      0.502977728843689,
      0.4794694781303406,
      0.4870529770851135,
      0.44799989461898804,
      0.48856908082962036,
      0.4803426265716553,
      0.47015663981437683,
      0.47143515944480896,
      0.4424755275249481,
      0.458218514919281,
      0.45313236117362976,
      0.45394474267959595,
      0.4641300141811371,
      0.4495474100112915,
      0.46929416060447693,
      0.44670626521110535,
      0.4483819007873535,
      0.4481056332588196,
      0.437492311000824,
      0.42904961109161377
    ],
    "val_loss": [
      0.6432582139968872,
      0.6133016347885132,
      0.5852876901626587,
      0.5584189295768738,
      0.5364284515380859,
      0.5231745839118958,
      0.5120775699615479,
      0.49872878193855286,
      0.4929884970188141,
      0.4869506359100342,
      0.4893288314342499,
      0.48498284816741943,
      0.48270586133003235,
      0.4849383234977722,
      0.48702988028526306,
      0.4930694103240967,
      0.4993540048599243,
      0.49826160073280334,
      0.4981599748134613,
      0.4952760934829712,
      0.5028846859931946,
      0.5006818175315857,
      0.49737873673439026,
      0.5045267343521118,
      0.5060897469520569,
      0.5057293176651001,
      0.504827618598938,
      0.5096619129180908
    ],